{
  "train_loss": [
    1.605871948397635,
    1.0864726762460464,
    0.9970818765804843,
    0.9643208824680729,
    0.9181644887287712,
    0.9038744999075541,
    0.8889405974864589,
    0.8692522493284147,
    0.8670420090439775,
    0.8501652587747277,
    0.8730863635980484,
    0.8505279115024531,
    0.8401353138946055,
    0.8443023938703018,
    0.8416578798197453,
    0.8303317273800574,
    0.8382278113152807,
    0.7453017007194919,
    0.6941393946872851,
    0.6808362241847906,
    0.6696197990576941,
    0.6612092911201645,
    0.6494949308702946,
    0.6525344487061654,
    0.6329956469118811
  ],
  "train_acc": [
    65.43405757212706,
    73.49674578246932,
    74.78062364407603,
    75.49946572548004,
    76.13088106725382,
    76.57772884758604,
    76.61172813522002,
    76.89829355956351,
    77.0456238059774,
    77.46332933976622,
    77.01486254573713,
    77.375902600136,
    77.5993264903021,
    77.53456594242788,
    77.51028073697503,
    77.74341870932228,
    77.61551662727067,
    79.10986626946864,
    80.0764174464916,
    80.48278988440242,
    80.57993070621377,
    80.70135673347797,
    81.27934462325551,
    81.21134604798756,
    81.25829744519639
  ],
  "val_loss": [
    0.5881346758822564,
    0.4726901553274894,
    0.44649405320331814,
    0.4412097103709994,
    0.4151425514238394,
    0.4145698324041893,
    0.4127216901878388,
    0.4054673201002109,
    0.41831977278896615,
    0.4065303402899453,
    0.3844689510213447,
    0.4040640644034734,
    0.3640589894070713,
    0.37604639635653503,
    0.3819730338594931,
    0.3726047708876965,
    0.37311497573841923,
    0.35378632227074686,
    0.33334702434004904,
    0.3367723330966854,
    0.32691355123355875,
    0.3306589799217927,
    0.3378503193662029,
    0.3494392123578425,
    0.34649490483745227
  ],
  "val_acc": [
    79.89376862287861,
    83.6895970980697,
    84.42803471952325,
    84.22075398367664,
    85.96968519238243,
    84.9591916051302,
    85.71058427257417,
    85.78831454851665,
    85.27011270890011,
    85.6458090426221,
    86.60448244591268,
    85.3478429848426,
    87.4983806192512,
    86.91540354968261,
    86.68221272185517,
    86.72107785982641,
    86.78585308977847,
    87.42065034330872,
    88.65137971239798,
    87.53724575722244,
    88.5736494364555,
    88.24977328669517,
    88.24977328669517,
    86.35833657209483,
    86.96722373364426
  ]
}